Ø·Ø§Ø¨Ø¹ Ø²Ù…Ù†ÙŠ,Title,Years of Experiences ,Salary,Date of Salary,What Is your Company,Work Type,Work Hour,City of Company site
8:09:36 Ù… 2024/02/19,Dotnet Developer ,2,8000,2024/02/01,Egyption,Hybird,Full Time,Cairo
8:10:43 Ù… 2024/02/19,Android deve,,6000,2024/02/06,Egyption,Hybird,Full Time,Assiut 
8:23:24 Ù… 2024/02/19,Android Developer,1,10000,2024/02/20,Egyption,Hybird,Full Time,Cairo
8:27:08 Ù… 2024/02/19,DevOps Engineer ,1 month ,10000,2024/02/19,Egyption,On Site,Full Time,Assiut 
8:31:36 Ù… 2024/02/19,Java ,1,20000,2024/02/19,Egyption,On Site,Full Time,Cairo
8:32:35 Ù… 2024/02/19,R&D computer vision ,1,15000,2023/07/16,Egyption,Remotley,Full Time,Cairo 
8:44:27 Ù… 2024/02/19,Frontend Developer | Vue.js,0,5000,2024/01/01,Not Egyption but site in egypt,On Site,Full Time,Mansoura
8:44:39 Ù… 2024/02/19,Mearn Full stack developer ,6 month ,10000,2024/02/19,Not Egyption and site out of egypt,Remotley,Full Time,America
8:48:47 Ù… 2024/02/19,Frontend developer ,4,75000,2024/01/30,Not Egyption but site in egypt,Hybird,Full Time,
8:49:56 Ù… 2024/02/19,Dot net developer,2 months,6000,2024/02/29,Egyption,On Site,Full Time,Mansoura
8:59:43 Ù… 2024/02/19,raact developer ,1,15000,2024/03/01,Egyption,Remotley,Full Time,Cairo
9:02:19 Ù… 2024/02/19,Full Stack developer ,2,5000,2024/02/28,Egyption,Remotley,Full Time,Cairo
9:03:54 Ù… 2024/02/19,.NET Developer,1,9000,2024/01/30,Not Egyption but site in egypt,Hybird,Full Time,Benha
9:04:03 Ù… 2024/02/19,Data Analysis,1,6000,2024/01/01,Egyption,On Site,Full Time,Banha
9:04:29 Ù… 2024/02/19,BI developer ,1,"10000 gross, 8820 net",2024/01/01,Egyption,On Site,Full Time,6 October 
9:12:33 Ù… 2024/02/19,Full Stack Developer (MERN),2,20000,2024/01/01,Not Egyption and site out of egypt,Remotley,Full Time,India
9:17:12 Ù… 2024/02/19,Full Stack developer,3,21,2024/02/19,Egyption,Hybird,Full Time,Cairo
9:18:13 Ù… 2024/02/19,Backend .netasp,1,8000-12000,2024/03/01,Egyption,On Site,Full Time,Cairo
9:18:48 Ù… 2024/02/19,Data Engineer,1,18k egp,2024/02/19,Egyption,Hybird,Full Time,"Cairo, Riyadh"
9:18:56 Ù… 2024/02/19,1,1,1,0001/01/01,Egyption,On Site,Full Time,
9:19:35 Ù… 2024/02/19,Android developer ,1.5,9,2022/10/10,Egyption,Remotley,Full Time,Cairo
9:24:41 Ù… 2024/02/19,php,0,8000,2023/01/25,Egyption,On Site,Full Time,
9:27:59 Ù… 2024/02/19,Data Analyst,3,4500,2024/02/19,Egyption,On Site,Full Time,Cairo
9:32:14 Ù… 2024/02/19,iOS developer,1,12000,2023/11/01,Egyption,Hybird,Full Time,Cairo
9:32:52 Ù… 2024/02/19,Dot net developer ,1,8000,2023/11/01,Egyption,On Site,Full Time,Mansoura 
9:38:04 Ù… 2024/02/19,Data scientist ,0,25000 gross,2023/11/20,Egyption,On Site,Full Time,
9:41:22 Ù… 2024/02/19,Asp dot net and Angular Software Engineer ,2,12000,2023/04/24,Not Egyption but site in egypt,On Site,Full Time,Cairo
9:42:46 Ù… 2024/02/19,AI engineer ,6,2800 LE,2001/01/01,Not Egyption and site out of egypt,Remotley,Part Time,Bangladish
9:44:34 Ù… 2024/02/19,IoT embedded SW engineer,2,9000,2024/02/19,Egyption,On Site,Full Time,cairo
9:45:54 Ù… 2024/02/19,Business intelligence Engineer,2,27500,2024/01/25,Not Egyption but site in egypt,Hybird,Full Time,New Cairo
9:51:04 Ù… 2024/02/19,Sr. Front End Developer ,7,65000,2024/02/19,Egyption,On Site,Full Time,Smart Villages 
9:52:40 Ù… 2024/02/19,C++ Developer,2,25000,2024/02/19,Not Egyption but site in egypt,Remotley,Full Time,"UAE, Abu Dhabi"
9:54:24 Ù… 2024/02/19,PHP Developer,1,7000,2024/02/19,Egyption,Hybird,Full Time,tanta
9:55:08 Ù… 2024/02/19,dot net developer ,0,10000,2024/02/19,Not Egyption and site out of egypt,Remotley,Full Time,dubai
10:01:15 Ù… 2024/02/19,Data scientist,1,16k net,2024/01/25,Not Egyption but site in egypt,Hybird,Full Time,Cairo
10:04:01 Ù… 2024/02/19,computer science instructor,1,9200,2023/03/19,Egyption,Remotley,Full Time,cairo
10:12:55 Ù… 2024/02/19,Full Stack .NET | Angular | MSSQL,0,6000,2024/01/07,Egyption,Remotley,Full Time,
10:14:09 Ù… 2024/02/19,ML instructor for kids ,0,120 per session (2 Hours),2024/02/29,Egyption,Remotley,Part Time,Cairo 
10:15:41 Ù… 2024/02/19,.Net Developer,3,15000 EG,2024/02/01,Egyption,Remotley,Full Time,
10:18:03 Ù… 2024/02/19,Backend developer,0,10000,2024/01/01,Egyption,On Site,Full Time,Cairo
10:19:27 Ù… 2024/02/19,.Net Developer,3,12000,2024/01/01,Not Egyption and site out of egypt,Remotley,Part Time,
10:30:02 Ù… 2024/02/19,Android,4,22,2019/02/19,Egyption,Hybird,Full Time,
10:32:42 Ù… 2024/02/19,Flutter developer,3,10000,2024/02/19,Egyption,Hybird,Full Time,giza
10:35:26 Ù… 2024/02/19,Senior Test Engineer,3,34000,2024/02/01,Not Egyption but site in egypt,Hybird,Full Time,
10:36:43 Ù… 2024/02/19,junior software tester,1,5000,2023/11/13,Not Egyption but site in egypt,On Site,Full Time,cairo
10:37:22 Ù… 2024/02/19,Senior backend .netdeveloper ,3,32000,2024/02/01,Egyption,On Site,Full Time,Cairo
10:38:48 Ù… 2024/02/19,Android Developer,1.5,15000,2023/08/01,Egyption,Hybird,Full Time,Cairo Egypt 
10:44:57 Ù… 2024/02/19,Laravel developer ,3 months,8000,2024/02/02,Egyption,Remotley,Full Time,Cairo
10:51:53 Ù… 2024/02/19,Oracle developer ,1,12000,2024/02/19,Egyption,On Site,Full Time,Cairo 
10:53:29 Ù… 2024/02/19,Java Developer,3 months,8000,2024/02/19,Egyption,On Site,Full Time,Cairo
10:55:35 Ù… 2024/02/19,Java developer ,2.5,30k,2024/01/01,Not Egyption but site in egypt,On Site,Full Time,Giza
10:56:52 Ù… 2024/02/19,Angular Developer ,1,80000 pkr,2024/02/02,Pakistan ,On Site,Full Time,Lahore
11:10:53 Ù… 2024/02/19,Junior web developer,1,35000,2024/01/01,Egyption,Hybird,Full Time,Cairo
11:17:22 Ù… 2024/02/19,Software Engineer,2,18000,2023/01/01,Not Egyption but site in egypt,Hybird,Full Time,Cairo
11:26:10 Ù… 2024/02/19,Front end developer ,2,9,2024/01/01,Egyption,On Site,Full Time,Alex
11:26:28 Ù… 2024/02/19,MERN Stack developer,6 months,7000,2024/01/24,Egyption,On Site,Full Time,Cairo
11:42:10 Ù… 2024/02/19,Full stack .NET & Angular,2.4,400$,2024/01/31,Not Egyption and site out of egypt,Remotley,Full Time,
11:54:26 Ù… 2024/02/19,Android Instructor,4,200 L.E / $5 per hour,2024/02/19,Not Egyption but site in egypt,Hybird,Part Time,
12:06:34 Øµ 2024/02/20,Front end developer angular ,3,30k,2024/01/01,Egyption,Hybird,Full Time,Cairo
12:06:46 Øµ 2024/02/20,.net full stack ,1,15k,2024/01/31,Egyption,Hybird,Full Time,Giza
12:15:49 Øµ 2024/02/20,Back end developer (Node.js) ,2,10000,2024/02/05,Egyption,Remotley,Full Time,Dubai
12:16:15 Øµ 2024/02/20,Ù„Ø§Ø®,ÙŠÙ„,ÙŠÙ„,2024/03/05,Egyption,On Site,Full Time,Ù„Ø§Ø¨
12:19:15 Øµ 2024/02/20,.Net developer,4,36000,2024/02/01,Not Egyption but site in egypt,Hybird,Full Time,Cairo
12:19:42 Øµ 2024/02/20,React developer ,1.5,8000,2024/01/01,Egyption,On Site,Full Time,"Alex, egypt"
12:25:05 Øµ 2024/02/20,Data Engineer ,0,15000EGP,2024/01/30,Egyption,Remotley,Full Time,Cairo
12:26:56 Øµ 2024/02/20,.Net Developer,2,15000,2024/03/01,Not Egyption but site in egypt,Hybird,Full Time,KSA
12:32:19 Øµ 2024/02/20,Full Stack developer ,3,6000,2023/11/21,Egyption,Hybird,Full Time,Cairo
12:36:14 Øµ 2024/02/20, Software Engineer ,0,2800,2022/09/01,Egyption,Remotley,Part Time,Cairo
12:36:34 Øµ 2024/02/20,Senior Full Stack developer ,5,43,2023/04/01,Egyption,On Site,Full Time,cairo
12:40:55 Øµ 2024/02/20,ML Engineer,2,20k,2024/02/01,Not Egyption but site in egypt,On Site,Full Time,Cairo
1:01:35 Øµ 2024/02/20,AI Engineer,0,13000,2023/08/01,Not Egyption but site in egypt,Hybird,Full Time,"Amman, Jordan"
1:03:30 Øµ 2024/02/20,Software development engineer in test,Fresh,30000,2024/02/15,Not Egyption but site in egypt,Hybird,Full Time,Cairo
1:04:54 Øµ 2024/02/20,Frontend developer ,2,8000,2024/02/19,Not Egyption but site in egypt,Hybird,Full Time,Cairo
1:06:59 Øµ 2024/02/20,Software Engineering Lead ,8,60000,2024/02/01,Egyption,Hybird,Full Time,Cairo
1:10:58 Øµ 2024/02/20,Integration developer ,0,15000,2024/02/18,Not Egyption but site in egypt,Remotley,Full Time,Cairo
1:21:47 Øµ 2024/02/20,Software testing,1,10000,2024/02/20,Egyption,Remotley,Full Time,
1:21:48 Øµ 2024/02/20,Oracle DBA ,1,15000,2023/12/01,Egyption,Hybird,Full Time,Cairo 
1:28:15 Øµ 2024/02/20,Python Developer,3,85000,2024/02/14,Not Egyption and site out of egypt,Remotley,Freelancing,"Illinois, USA"
1:31:29 Øµ 2024/02/20,Sr. BUSINESS INTELLIGENCE DEVELOPER,4,60000,2024/02/25,Not Egyption but site in egypt,Hybird,Full Time,"GIZA, SMART VILLAGE"
1:48:17 Øµ 2024/02/20,Senior front end engineer,6,$3000,2024/01/01,Not Egyption and site out of egypt,Remotley,Full Time,Usa
2:36:47 Øµ 2024/02/20,CRM Developer,0,45,2023/07/15,Not Egyption and site out of egypt,Remotley,Full Time,"London, England"
2:38:05 Øµ 2024/02/20,Frontend Developer ,Less than 6 months (Hired in October),14Ù«5,2024/02/01,Egyption,Remotley,Full Time,Cairo
2:49:45 Øµ 2024/02/20,Data Integration,2,14000,2024/02/20,Egyption,Hybird,Full Time,
2:52:15 Øµ 2024/02/20,Frontend Developer ,Less than 6 months (Hired in October),14500,2024/02/01,Egyption,Remotley,Full Time,Cairo
2:54:34 Øµ 2024/02/20,Flutter developer,1,9000,2023/07/15,Egyption,On Site,Full Time,Alexandria
3:57:48 Øµ 2024/02/20,Data analyst ,0,Not yet,2024/02/02,Egyption,On Site,Full Time,Cairo
3:58:03 Øµ 2024/02/20,MERN stack,3,1100 USD,2024/01/01,Not Egyption but site in egypt,Remotley,Full Time,Cairo
3:59:55 Øµ 2024/02/20,Nodejs developer,1,14000,2024/02/01,Not Egyption but site in egypt,On Site,Full Time,Giza
4:47:43 Øµ 2024/02/20,data scientist,0,10000,2024/02/29,Egyption,Remotley,Full Time,cairo 
5:03:22 Øµ 2024/02/20,Full stack (Java & React),1-2,15000,2023/06/15,Egyption,Hybird,Full Time,Cairo
5:12:20 Øµ 2024/02/20,Erp developer,0,8000,2024/02/01,Egyption,Hybird,Full Time,Cairo
5:25:05 Øµ 2024/02/20,Flutter developer,0.6,4000,2024/02/21,Not Egyption and site out of egypt,Remotley,Part Time,dubai
5:52:53 Øµ 2024/02/20,Backend developer ,8 months ,36000,2023/09/01,Not Egyption and site out of egypt,Remotley,Full Time,Riyadh 
6:15:19 Øµ 2024/02/20,Flutter Developer ,1,8000,2024/02/27,Egyption,Hybird,Full Time,Cairo
6:27:26 Øµ 2024/02/20,Java ,0,10000,2023/09/17,Egyption,On Site,Full Time,Cairo
6:35:27 Øµ 2024/02/20,Frontend Developer ( Vue.JS ),3,600$,2023/12/20,Not Egyption and site out of egypt,Remotley,Full Time,
6:48:02 Øµ 2024/02/20,Data Analyst ,1,12000,2023/06/01,Egyption,On Site,Full Time,Cairo
6:51:14 Øµ 2024/02/20,Data Analyst ,1,12000,2024/02/01,Not Egyption and site out of egypt,Remotley,Full Time,"Jedah, Saudi Arabia "
6:57:08 Øµ 2024/02/20,Frontend developer,2.5,950 USD,2024/02/20,Egyptian but for users outside ,Remotley,Full Time,
7:26:04 Øµ 2024/02/20,Java developer,0,16000,2023/12/03,Not Egyption but site in egypt,On Site,Full Time,Assuit
7:34:10 Øµ 2024/02/20,Software Developer,1,10000,2024/02/20,Egyption,On Site,Full Time,Cairo
7:36:49 Øµ 2024/02/20,BI developer ,0.3,13.5,2024/02/20,Egyption,On Site,Full Time,Cairo
7:45:27 Øµ 2024/02/20,BI Developer,1.3,22000,2024/02/20,Egyption,Remotley,Full Time,cairo
7:47:02 Øµ 2024/02/20,Machine Learning Engineer ,0,23000,2023/11/01,Egyption,On Site,Full Time,Cairo 
7:52:20 Øµ 2024/02/20, Senior Dot Net ,6,4150 AED ,2024/02/20,Not Egyption but site in egypt,On Site,Full Time,Dubai
8:13:12 Øµ 2024/02/20,Data Analyst,2,5000,2023/05/01,Egyption,On Site,Full Time,Mansoura
8:29:00 Øµ 2024/02/20,.net developer ,1,16000,2024/01/04,Not Egyption but site in egypt,Hybird,Full Time,6 October 
8:30:14 Øµ 2024/02/20,Software engineer (Backend Java),1,12000,2024/02/20,Egyption,On Site,Full Time,Cairo
8:31:14 Øµ 2024/02/20,.Net full stack ,1,15 k,2024/01/01,Egyption,Hybird,Full Time,Alexandria
8:33:33 Øµ 2024/02/20,Dot Net Developer ,Fresh ,10 k,2024/02/01,Egyption,On Site,Full Time,Cairo
8:34:28 Øµ 2024/02/20,Data Governance Engineer,3 months,14000,2024/02/01,Not Egyption but site in egypt,Hybird,Full Time,Cairo
8:44:01 Øµ 2024/02/20,BI Developer,1.5,10600,2024/01/25,Egyption,On Site,Full Time,Alexandria
9:14:48 Øµ 2024/02/20,.net developer,1,10000,2023/04/16,Egyption,On Site,Full Time,Mansoura
9:19:18 Øµ 2024/02/20,php developer ,5,15000,2024/02/01,Egyption,Hybird,Full Time,cairo
9:23:12 Øµ 2024/02/20,Software Developer ,8 months ,15k,2023/08/01,Egyption,Hybird,Full Time,Cairo
9:45:06 Øµ 2024/02/20,Back-end developer,5,55000,2023/10/04,Not Egyption but site in egypt,Hybird,Full Time,Cairo
9:46:45 Øµ 2024/02/20,DevOps ,9,25k ,2024/02/20,Egyption,Hybird,Full Time,Cairo 
9:50:25 Øµ 2024/02/20,.net developer ,Joinour,10000,2024/02/06,Egyption,Hybird,Full Time,Cairo 
9:54:54 Øµ 2024/02/20,Data Analyst,3,13000,2024/02/20,Egyption,On Site,Full Time,"Giza,Cairo,suez,"
9:56:57 Øµ 2024/02/20,iOS Developer,3,16000,2023/12/01,Not Egyption but site in egypt,Hybird,Full Time,Saudi Arabia
9:58:20 Øµ 2024/02/20,data engineer,2,15000,2024/01/05,Egyption,Hybird,Full Time,cairo
9:59:01 Øµ 2024/02/20,junior software tester,2,5000,2024/02/29,Egyption,On Site,Full Time,mansoura
10:03:45 Øµ 2024/02/20,.Net Developer,1,6000,2023/04/16,Egyption,On Site,Full Time,Mansoura
10:07:37 Øµ 2024/02/20,Data Engineer ,1 year and 3 months ,10000,2024/02/20,Multinational company ,Hybird,Full Time,"France , Egypt , UAE and so on "
10:08:25 Øµ 2024/02/20,.Net Developer,2,10000,2024/02/20,Egyption,On Site,Full Time,Mansoura
10:10:29 Øµ 2024/02/20,.NET Developer,1,15000,2024/02/20,Not Egyption but site in egypt,Hybird,Full Time,Cairo
10:28:29 Øµ 2024/02/20,Java Developer ,0,24000 net,2024/02/01,Not Egyption but site in egypt,Hybird,Full Time,Cairo 
10:39:56 Øµ 2024/02/20,SRE,1,16000,2023/07/15,Not Egyption but site in egypt,Remotley,Full Time,Cairo
10:41:36 Øµ 2024/02/20,Ios developer ,0,9000,2024/05/26,Egyption,Hybird,Full Time,Cairo 
10:55:39 Øµ 2024/02/20,Junior embedded systems ,0,28000,2024/02/20,Not Egyption but site in egypt,On Site,Full Time,Smart village 
10:59:33 Øµ 2024/02/20,Full stack (Laravel-vueJs),3,25000,2024/01/01,Not Egyption but site in egypt,Remotley,Full Time,Cairo
11:06:55 Øµ 2024/02/20,.Net Developer,2,20,2024/02/01,Not Egyption but site in egypt,Hybird,Full Time,Cairo
11:13:05 Øµ 2024/02/20,DevOps Engineer ,1-2,16000,2024/02/01,Not Egyption but site in egypt,Hybird,Full Time,Cairo 
11:18:47 Øµ 2024/02/20,IOS Developer,3,25000,2024/01/01,Egyption,Hybird,Full Time,Cairo
11:22:30 Øµ 2024/02/20,Software tester,3,20k,2024/01/31,Egyption,Hybird,Full Time,Cairo
11:23:48 Øµ 2024/02/20,Android Developer ,1,17k,2024/02/20,Egyption,Hybird,Full Time,Cairo
11:25:06 Øµ 2024/02/20,Full-stack Developer,3,900$,2023/11/01,Not Egyption and site out of egypt,Remotley,Full Time,"Riyadh, Saudi Arabia"
11:25:13 Øµ 2024/02/20,Software Tester,1,9000,2024/11/02,Egyption,On Site,Full Time,Cairo
11:39:13 Øµ 2024/02/20,Data Analytics engineer,1.5,16500,2024/01/01,Egyption,Hybird,Full Time,Cairo
11:39:57 Øµ 2024/02/20,. Net Fullstack developer ,2,640 usd,2023/11/13,Out source ,On Site,Full Time,
11:47:02 Øµ 2024/02/20,Android developer ,1,700$,2025/02/01,Not Egyption but site in egypt,Remotley,Full Time,Iraq
11:53:53 Øµ 2024/02/20,Frontend developer,2,3500,2024/02/20,Egyption,Remotley,Part Time,Alexandria
11:54:58 Øµ 2024/02/20,Php laravel developer ,4,14000,2024/02/07,Not Egyption and site out of egypt,Remotley,Full Time,Dubai
12:19:06 Ù… 2024/02/20,BI developer,2,24000,2024/02/20,Egyption,Remotley,Full Time,Cairo
12:24:17 Ù… 2024/02/20,Flutter developer ,4 months,4000,2023/11/10,Egyption,On Site,Full Time,Cairo
12:35:24 Ù… 2024/02/20,DevOps Engineer ,1,17000,2024/02/20,Egyption,Hybird,Full Time,Cairo
12:38:49 Ù… 2024/02/20,Business Development Engineer,3,12500 LE,2024/01/01,Egyption,On Site,Full Time,Cairo
12:41:18 Ù… 2024/02/20,Senior DevOps Engineer ,3,47000,2024/02/28,Not Egyption but site in egypt,Hybird,Full Time,Cairo
12:51:07 Ù… 2024/02/20,Mid level Java ,+2,28500,2024/02/20,Not Egyption but site in egypt,Remotley,Full Time,Smart Village
12:51:11 Ù… 2024/02/20,Juniot front end developer ,3,23000,2024/01/28,Not Egyption but site in egypt,Hybird,Full Time,Maadi
12:51:22 Ù… 2024/02/20,Java developer , less than year ,11500,2024/01/25,Egyption,On Site,Full Time,Alexandria
12:55:31 Ù… 2024/02/20,Php developer,3,30000,2023/02/01,Not Egyption but site in egypt,On Site,Full Time,Cairo
1:18:45 Ù… 2024/02/20,Java developer ,0,12k,2024/02/01,Not Egyption but site in egypt,On Site,Full Time,"Cairo, elryad"
1:23:43 Ù… 2024/02/20,database adminstration,fresh,12k,2023/12/01,Egyption,On Site,Full Time,zayed
1:25:18 Ù… 2024/02/20,Rract native,3,60000,2023/09/01,Not Egyption and site out of egypt,Remotley,Full Time,Riyadh
1:31:42 Ù… 2024/02/20,Computer vision,1.5,16000,2024/02/20,Egyption,Remotley,Full Time,giza
1:38:24 Ù… 2024/02/20,Data Analyst,3,24000,2024/02/20,Egyption,On Site,Full Time,
1:41:54 Ù… 2024/02/20,Dotnet Developer,4,30K,2024/02/01,Not Egyption but site in egypt,Hybird,Full Time,KSA
1:46:55 Ù… 2024/02/20,Flutter developer ,2,18000,2014/01/01,Not Egyption and site out of egypt,Remotley,Full Time,United States 
1:48:45 Ù… 2024/02/20,Software Engineer,0,25000,2024/02/01,Not Egyption but site in egypt,Remotley,Full Time,Cairo
2:02:57 Ù… 2024/02/20,Data Analysis,0,16000,2024/01/01,Not Egyption but site in egypt,On Site,Full Time,Cairo
2:05:09 Ù… 2024/02/20,Frontend React,6 months,4000,2024/01/01,Egyption,Hybird,Part Time,Giza
2:06:41 Ù… 2024/02/20,Full-Stack Engineer,1,16000,2024/02/20,Not Egyption but site in egypt,Hybird,Full Time,Cairo
2:34:31 Ù… 2024/02/20,Software Engineer,1,22700,2024/01/25,Not Egyption but site in egypt,Hybird,Full Time,
2:52:24 Ù… 2024/02/20,Full stack .net developer,1,10000,2024/01/01,Not Egyption but site in egypt,Hybird,Full Time,Mansoura
3:03:02 Ù… 2024/02/20,frontend developer react,1,15800,2023/10/01,Egyption,Hybird,Full Time,cairo
3:25:19 Ù… 2024/02/20,java spring dev,0,13000,2024/02/20,Egyption,Hybird,Full Time,cairo
3:26:56 Ù… 2024/02/20,Netsuite Technical Developer (Javascript Developer),2,27000,2024/02/01,Egyption,Remotley,Full Time,cairo
3:42:57 Ù… 2024/02/20,front end ,"1,5",8000,2024/02/05,Egyption,On Site,Full Time,cairo
3:43:10 Ù… 2024/02/20,ios developer,1,15000,2023/03/01,Not Egyption and site out of egypt,Hybird,Full Time,cairo
4:05:26 Ù… 2024/02/20,Flutter developer,1.5,12000,2024/01/01,Egyption,On Site,Full Time,El mohandseen
4:10:04 Ù… 2024/02/20,Software engineer ,1.5,11.5k,2024/02/25,Multinationals ,On Site,Full Time,Smart Village 
4:43:17 Ù… 2024/02/20,Flutter developer ,4,18000,2024/01/01,Egyption,On Site,Full Time,Menofia
5:01:32 Ù… 2024/02/20,Machine learning engineer,2,35000,2023/09/01,Egyption,Hybird,Full Time,Cairo
5:02:09 Ù… 2024/02/20,Flutter Developer,Less than one year,5800,2024/01/01,Egyption,Hybird,Full Time,Alexandria 
5:15:46 Ù… 2024/02/20,Lead Mobile Engineer ,6.5,34000,2024/02/28,Egyption,Hybird,Full Time,Cairo
5:17:15 Ù… 2024/02/20,Senior front end,4,1400 usd,2024/02/05,Not Egyption and site out of egypt,Remotley,Full Time,Istanbul
5:17:37 Ù… 2024/02/20, NodeJS Developer,1,15k,2024/02/20,Egyption,Hybird,Part Time,Cairo
5:23:16 Ù… 2024/02/20,Flutter Developer,2+,8000,2024/02/20,Not Egyption but site in egypt,On Site,Full-Time / Initial 3 Months,Mansoura
5:55:51 Ù… 2024/02/20,Fullstack Developer ,1.5,15k,2024/02/20,Egyption,Hybird,Full Time,Cairo
6:12:46 Ù… 2024/02/20,Frontend developer (angular),2.5,25,2024/02/20,Egyption,Hybird,Full Time,Cairo
6:37:38 Ù… 2024/02/20,Flutter developer ,3,25000,1998/12/25,Not Egyption but site in egypt,Remotley,Full Time,Riyadh
6:41:57 Ù… 2024/02/20,Flutter Developer,2+,5000,2024/02/20,Not Egyption and site out of egypt,Remotley,Part Time,Dubai
7:01:03 Ù… 2024/02/20,Data scientist ,5,20000,2024/02/20,Not Egyption but site in egypt,Remotley,Full Time,Dubai 
7:05:47 Ù… 2024/02/20,Data engineer ,4 months ,21000,2023/11/01,Egyption,Remotley,Full Time,
7:09:36 Ù… 2024/02/20,data analysis,3,10500,2024/02/27,Egyption,On Site,Full Time,Luxor
7:14:55 Ù… 2024/02/20,Frontend vuejs,1.5,7000,2024/02/20,Egyption,Remotley,Full Time,Cairo 
7:53:22 Ù… 2024/02/20,data engineer,2,52000,2024/02/20,Not Egyption but site in egypt,Remotley,Full Time,cairo
8:28:09 Ù… 2024/02/20,.net full stack developer,0,10k,2024/02/25,Egyption,On Site,Full Time,October
8:29:19 Ù… 2024/02/20,Team Lead,6,38000,2024/01/01,Not Egyption but site in egypt,Hybird,Full Time,"Hurghada, Egypt "
8:54:28 Ù… 2024/02/20,Vuejs Developer ,0,14000 egp,2024/02/20,Egyption,Hybird,Full Time,
8:58:27 Ù… 2024/02/20,"Software engineer nodejs, react native",3,16000+3000 flex,2024/02/01,Egyption,Remotley,Full Time,Maadi
9:46:50 Ù… 2024/02/20,Software engineer stack java ,1,"15,000 LE",2024/02/20,Egyption,Hybird,Full Time,Cairo
9:59:45 Ù… 2024/02/20,React Developer,1.5,6000,2023/05/20,Egyption,used to be onsite but now im remotley,Full Time,cairo
10:48:29 Ù… 2024/02/20,PHP Developer ,Less than 1 year,5000,2024/02/20,Egyption,Remotley,Full Time,Cairo 
10:58:16 Ù… 2024/02/20,Php developer ,2,20k ~ 25k,2024/01/25,Egyption,On Site,Full Time,Cairo 
11:14:02 Ù… 2024/02/20,Frontend & Wordpress deveoper ,1.5 ,30000,2024/01/01,Not Egyption and site out of egypt,Remotley,Full Time,Ø§Ù„Ø±ÙŠØ§Ø¶
1:33:38 Øµ 2024/02/21,Backend developer - Node,~1,6000,2023/10/10,Not Egyption and site out of egypt,Remotley,Part Time,KSA
6:12:10 Øµ 2024/02/21,Flutter Developer,0,8000-9000 L.E,2024/02/11,Egyption,Hybird,Full Time,"Cairo, New Cairo"
6:29:57 Øµ 2024/02/21,Software engineer ,2,15000,2024/02/01,Egyption,Hybird,Full Time,Giza
9:04:41 Øµ 2024/02/21,.NET developer backend,3 months ,6000,2024/01/03,Egyption,Hybird,Full Time,Cairo 
9:11:46 Øµ 2024/02/21,Dotnet developer ,1,6000,2024/02/28,Egyption,On Site,Full Time,Cairo 
9:24:45 Øµ 2024/02/21,Software Engineer ,1.5,19000,2023/12/31,Not Egyption but site in egypt,Hybird,Full Time,Cairo
10:32:42 Øµ 2024/02/21,Php developer laravel,4,20000,2023/07/01,Egyption,On Site,Full Time,Cairo
12:25:56 Ù… 2024/02/21,DevOps,2,15000,2023/11/01,Egyption,Remotley,Full Time,"Cairo, Saudia "
3:03:58 Ù… 2024/02/21,React Developer,1,6000,2023/09/01,Not Egyption but site in egypt,On Site,Full Time,
3:23:15 Ù… 2024/02/21,Junior Software Engineer ,1,10000,2023/01/01,Not Egyption but site in egypt,On Site,Full Time,Cairo
3:24:11 Ù… 2024/02/21,Junior Software Engineer,1,10000,2023/01/01,Not Egyption but site in egypt,On Site,Full Time,Cairo
3:25:03 Ù… 2024/02/21,Junior Software Engineer,1,10000,2023/01/01,Not Egyption but site in egypt,On Site,Full Time,Cairo
3:27:57 Ù… 2024/02/21,Junior Software Engineer,2,16000,2024/02/01,Not Egyption but site in egypt,Hybird,Full Time,Cairo
3:29:06 Ù… 2024/02/21,Junior Software Engineer,2,20000,2023/10/21,Not Egyption but site in egypt,Hybird,Full Time,Cairo
3:30:19 Ù… 2024/02/21,Junior Software Engineer,2,20000,2023/10/21,Not Egyption but site in egypt,Hybird,Full Time,Cairo
4:22:38 Ù… 2024/02/21,Software Engineer,3,29000,2024/01/01,Egyption,On Site,Full Time,Cairo
9:08:33 Ù… 2024/02/21,Senior Java Backend,4,2400$,2024/02/21,Not Egyption but site in egypt,Remotley,Full Time,Riyadh
12:18:02 Øµ 2024/02/22,Full Stack Python and React,0,15000,2024/02/22,Egyption,Hybird,Full Time,Cairo
12:20:04 Øµ 2024/02/22,React developer ,3,18000,2024/03/27,Egyption,On Site,Full Time,Giza
1:09:32 Øµ 2024/02/22,NodeJs Developer,0.5,9000,2024/01/30,Egyption,On Site,Full Time,New Damietta 
2:51:59 Øµ 2024/02/22,Django ,0,15k,2024/02/28,Egyption,Hybird,Full Time,
10:26:26 Øµ 2024/02/22,React Developer ,1,10000,2024/02/10,Egyption,Remotley,Full Time,Cairo
11:24:18 Øµ 2024/02/22,Full stack .NET developer,2 and 10 months,15300,2024/02/22,Not Egyption but site in egypt,Hybird,Full Time,Kuwait
1:24:25 Ù… 2024/02/22,.net developer ,2,12000,2024/02/22,Egyption,On Site,Full Time,10th Of Ramadan 
2:13:01 Ù… 2024/02/22,DATA ANALYST ,2,14000,2024/02/22,Not Egyption but site in egypt,On Site,Full Time,"Cairo, Dubai, Ryadh"
5:56:31 Ù… 2024/02/22,Nodejs Backend Developer,1,0,2024/02/22,Egyption,On Site,Full Time,
6:18:00 Ù… 2024/02/22,React native developer,4,30000,2023/01/01,Egyption,Remotley,Full Time,
6:24:38 Ù… 2024/02/22,data engineer ,1,11000,2024/02/26,Egyption,Hybird,Full Time,
6:30:31 Ù… 2024/02/22,Backend developer,3,500k,2024/01/31,Egyption,On Site,Full Time,Cairo
6:31:47 Ù… 2024/02/22,Junior Oracle DBA,0,8000,2024/03/01,Egyption,On Site,Full Time,Cairo 
6:31:54 Ù… 2024/02/22,Wordpress developer ,3,40000,2024/01/02,Not Egyption and site out of egypt,Remotley,Full Time,UAE
6:31:55 Ù… 2024/02/22,Doctor,2,9000,2024/01/01,Egyption,On Site,Full Time,Damietta
6:35:19 Ù… 2024/02/22,Full Stack Developer,2,11000,2024/02/22,Egyption,On Site,Full Time,cairo
6:35:41 Ù… 2024/02/22,Social media specialist,0,5000,2024/02/01,Egyption,On Site,Full Time,Cairo 
6:35:45 Ù… 2024/02/22,Maintenance Engineer,2,7200,2024/02/25,Not Egyption but site in egypt,On Site,Full Time,Cairo
6:36:38 Ù… 2024/02/22,Software Tester,7 Months,8000,2024/02/01,Egyption,On Site,Full Time,Mansoura
6:37:15 Ù… 2024/02/22,Textile Graphic Designer,2,7000,1999/08/06,Egyption,On Site,Full Time,Cairo
6:37:54 Ù… 2024/02/22,Backend Developer NodeJS,2,16K,2024/02/01,Not Egyption and site out of egypt,Remotley,Full Time,
6:39:02 Ù… 2024/02/22,Android developer ,1>,7000,2024/02/22,Egyption,Remotley,Part Time,cairo
6:40:10 Ù… 2024/02/22,Call Center Representative,0,7000,2023/01/01,Egyption,On Site,Full Time,Alexandria
6:40:31 Ù… 2024/02/22,Procurement specialist ,3,15000,2024/02/28,Egyption,On Site,Full Time,Cairo
6:40:41 Ù… 2024/02/22,Test,Test,00000,2024/02/22,Egyption,Hybird,Full Time,
6:42:30 Ù… 2024/02/22,Social media moderator ,4,5400,2024/02/29,Egyption,Remotley,Full Time,Cairo
6:42:57 Ù… 2024/02/22,Operations manager ,2,6500,2024/02/22,Egyption,Remotley,Full Time,Cairo
6:43:19 Ù… 2024/02/22,Working-drawing architect ,2,9500 EGP,2024/02/03,Egyption,On Site,Full Time,Cairo
6:43:19 Ù… 2024/02/22,nopde js developer ,2,85000,2024/12/22,Egyption,On Site,Full Time,kafr - elshiekh 
6:43:58 Ù… 2024/02/22,PHP Backend Developer,1,16000,2024/01/01,Not Egyption but site in egypt,Hybird,Full Time,Alexandria
6:44:06 Ù… 2024/02/22,Java spring Developer,Less than 1,5000,2024/01/25,Egyption,Hybird,Full Time,Giza
6:44:17 Ù… 2024/02/22,.net developer ,2,30000,2024/02/01,Egyption,Hybird,Full Time,mansoura 
6:45:11 Ù… 2024/02/22,Software Testing Engineer ,1,18500,1998/04/12,Egyption,Hybird,Full Time,Cairo
6:49:30 Ù… 2024/02/22,Material planner ,2,8000,2024/02/22,Not Egyption but site in egypt,On Site,Full Time,Cairo 
6:50:26 Ù… 2024/02/22,.net Deveolper ,5,1000,2022/07/01,Not Egyption and site out of egypt,Remotley,Full Time,KSA
6:53:16 Ù… 2024/02/22,"Sales, telemarketer",2,$350,2024/02/10,Egyption,Remotley,Full Time,Cairo 
6:57:35 Ù… 2024/02/22,Graphic designer ,1.5,4000,2024/01/01,Egyption,On Site,Full Time,Mansoura
6:57:40 Ù… 2024/02/22,Sr. Data engineer ,3,48000,2023/07/01,Not Egyption but site in egypt,Hybird,Full Time,Cairo
6:58:09 Ù… 2024/02/22,Python developer,3,30000,2024/01/01,Egyption,Hybird,Full Time,Cairo
6:59:38 Ù… 2024/02/22,Petroleum,2,90000,2022/09/15,Egyption,On Site,Full Time,Cairo
7:00:09 Ù… 2024/02/22,Full stack developer ,6,2000,2023/03/01,Not Egyption but site in egypt,Hybird,Full Time,
7:00:32 Ù… 2024/02/22,Flutter developer,1,6000,2024/02/01,Egyption,On Site,Full Time,Shebin elkom
7:01:04 Ù… 2024/02/22,Android developer4,4,3500 Euro,2024/02/01,Not Egyption and site out of egypt,Remotley,Full Time,"Austria, but I'm in Egypt"
7:01:05 Ù… 2024/02/22,.NET Developer ,2,24000,2024/02/19,Egyption,Hybird,Full Time,Cairo 
7:02:39 Ù… 2024/02/22,Maintenance planner ,10,20000,2024/01/01,Not Egyption but site in egypt,Hybird,Full Time,Cairo
7:02:50 Ù… 2024/02/22,Data analyst,3,15000  EGP,2024/02/01,Egyption,Remotley,Part Time,Cairo
7:02:52 Ù… 2024/02/22,Tourism sales,0-1,7500,2023/09/01,Egyption,On Site,Full Time,Cairo
7:03:43 Ù… 2024/02/22,iOS developer,3,"35,000 LE",2023/12/01,Egyption,Remotley,Full Time,Cairo
7:03:59 Ù… 2024/02/22,Backend SW Engineer,1,30K,2024/01/01,Egyption,Hybird,Full Time,Cairo
7:05:04 Ù… 2024/02/22,..,3,20,2024/02/22,Egyption,On Site,Full Time,ciro
7:05:20 Ù… 2024/02/22,Account manager ,6,12000,2018/01/12,Egyption,On Site,Full Time,Cairo
7:06:34 Ù… 2024/02/22,APM developer ,0,15000,2024/01/25,Not Egyption but site in egypt,Hybird,Full Time,Cairo
7:06:34 Ù… 2024/02/22,HR personnel ,5,11000,1994/12/15,Egyption,On Site,Full Time,Alexandria 
7:06:43 Ù… 2024/02/22,Customer Service Representative ,2,15000,2024/02/05,Egyption,On Site,Full Time,Egypt
7:07:33 Ù… 2024/02/22,Merchandising planner,4,14,2024/01/01,Egyption,Remotley,Full Time,Cairo
7:07:35 Ù… 2024/02/22,Full Stack Developer,2,15000,2024/03/01,Egyption,Remotley,Part Time,Cairo
7:11:08 Ù… 2024/02/22,Sales engineer,3,14000,2024/02/12,Egyption,On Site,Full Time,Cairo
7:12:59 Ù… 2024/02/22,Dotnet Developer,8,130000,2024/02/22,Not Egyption and site out of egypt,Remotley,Full Time,Europe
7:13:00 Ù… 2024/02/22,PHP/wordpress developer,4,27K,2024/02/01,Egyption,Flexible hours ( from home & the office as I like),Full Time,Cairo 
7:13:22 Ù… 2024/02/22,CRM Analyst,2,12,2024/02/22,Egyption,Hybird,Full Time,Cairo
7:13:42 Ù… 2024/02/22,Junior Graphic Designer ,3,10000,2024/02/25,Egyption,On Site,Full Time,Cairo
7:14:04 Ù… 2024/02/22,Sales executive ,3 years,3300,2024/02/22,Egyption,On Site,Full Time,Giza
7:14:08 Ù… 2024/02/22,Production engineer,1,18800,2024/02/22,Not Egyption but site in egypt,On Site,Full Time,Alexandria
7:18:50 Ù… 2024/02/22,Data Analyst,3,18000,2023/01/24,Not Egyption but site in egypt,Hybird,Full Time,Cairo
7:20:08 Ù… 2024/02/22,Network engineer ,5,10000,2002/07/14,Egyption,Hybird,Full Time,Cairo
7:20:52 Ù… 2024/02/22,Ù…Ø­Ø§Ø³Ø¨ Ø¹Ø§Ù… ,6,7000,2024/02/01,Egyption,On Site,Full Time,
7:21:25 Ù… 2024/02/22,Civil Engineer ,1,5000,2024/02/22,Egyption,On Site,9H,Badr
7:21:37 Ù… 2024/02/22,Software Tester,0_1,380 USD ,2023/12/01,Not Egyption but site in egypt,Hybird,Full Time,Cairo
7:22:15 Ù… 2024/02/22,UI UX,3,5600,2024/01/26,Egyption,Hybird,Full Time,Mansoura
7:22:56 Ù… 2024/02/22,Branding Designer,2.5 years,14000,2024/02/22,Egyption,On Site,Full Time,Cairo
7:23:34 Ù… 2024/02/22,Csr,2,8000,2023/01/12,Not Egyption but site in egypt,On Site,Full Time,Alexandria 
7:24:07 Ù… 2024/02/22,Senior associate,14,15000,2024/03/25,Egyption,On Site,Full Time,Alexandria
7:24:47 Ù… 2024/02/22,Head of physiotherapy ,10,25000,2024/02/20,Not Egyption but site in egypt,On Site,Full Time,Alexandria 
7:25:13 Ù… 2024/02/22,Full stack developer,> 1 year,33,2024/01/24,Egyption,Hybird,Full Time,Cairo
7:26:49 Ù… 2024/02/22,Backend laravel ,0,5000,2024/02/01,Egyption,Hybird,Full Time,
7:27:22 Ù… 2024/02/22,Senior Social Media editor ,8,15000,2024/02/22,Egyption,Remotley,Full Time,Alex
7:28:06 Ù… 2024/02/22,social media manager,8,150000,2024/02/01,Not Egyption and site out of egypt,Hybird,Full Time,cairo
7:28:30 Ù… 2024/02/22,T24 Consultant,3,23000,2024/01/01,Egyption,Hybird,Full Time,Cairo
7:28:46 Ù… 2024/02/22,SEO Specialist ,3.5,14000,2023/12/01,Egyption,Remotley,Full Time,Cairo
7:28:57 Ù… 2024/02/22,Sales manager ,13,550000,2024/01/01,Not Egyption but site in egypt,Hybird,Full Time,Dubai
7:29:48 Ù… 2024/02/22,Btl markting,Begginer,4000,2024/02/22,Egyption,On Site,Full Time,Cairo 
7:29:57 Ù… 2024/02/22,Junior architect ,1,6000,2023/02/01,Egyption,Hybird,Full Time,Cairo
7:30:22 Ù… 2024/02/22,Subsea inspection engineer ,4,30000,2024/01/01,Egyption,On Site,Full Time,Cairo
7:30:26 Ù… 2024/02/22,Implementation Officer,2,9750 EGP,2024/02/22,Not Egyption but site in egypt,On Site,Full Time,Cairo
7:30:45 Ù… 2024/02/22,Civil technical office engineer ,7,10350,2024/01/01,Egyption,On Site,Full Time,Cairo
7:31:02 Ù… 2024/02/22,Banker ,3,14000,2024/01/27,Egyption,On Site,Full Time,
7:32:27 Ù… 2024/02/22,Chef accountant,9,10,2024/02/01,Egyption,Remotley,Full Time,Swiss
7:33:06 Ù… 2024/02/22,Graphic designer,1year,5,2024/02/22,Egyption,On Site,Full Time,
7:33:11 Ù… 2024/02/22,DevOps Engineer,1.5,40k,2024/02/01,Not Egyption but site in egypt,Hybird,Full Time,Cairo
7:37:29 Ù… 2024/02/22,HR HED,10,10000,2024/01/01,Egyption,On Site,Full Time,Egypt
7:38:13 Ù… 2024/02/22,BI Developer intern,0,4000,2023/07/10,Not Egyption but site in egypt,Hybird,Full Time,"Cairo, Smart village "
7:38:36 Ù… 2024/02/22,Nursing ,0,2300,2024/02/22,Egyption,On Site,Full Time,Um eldonia
7:39:06 Ù… 2024/02/22,Software Quality Engineer ,1,5500,2024/02/22,Egyption,Remotley,Full Time,Cairo
7:39:58 Ù… 2024/02/22,General Accountant,4,8000,2024/02/22,Egyption,On Site,Full Time,Al Obour city
7:40:03 Ù… 2024/02/22,Outsystems developer,2,550$,2024/01/31,Egyption,Hybird,Full Time,"Cairo, Riyadh "
7:40:58 Ù… 2024/02/22,Java Deveoper,Less than 1 year,20K,2024/02/22,Egyption,Hybird,Full Time,Cairo
7:42:53 Ù… 2024/02/22,Frontend developer,3,1500 USD ,2023/07/05,Not Egyption and site out of egypt,Remotley,Full Time,Riyadh
7:43:14 Ù… 2024/02/22,Senior sales engineer ,14,35 K EGP,2024/02/22,Egyption,On Site,Full Time,Cairo
7:47:38 Ù… 2024/02/22,Full stack .net developer ,0,5000,1996/07/01,Egyption,Remotley,Part Time,
7:48:01 Ù… 2024/02/22,Customer service representative ,2,13000,2024/02/22,Not Egyption but site in egypt,On Site,Full Time,Cairo 
7:48:12 Ù… 2024/02/22,Full Stack .NET Developer,3,15000,2024/01/01,Egyption,Remotley,Full Time,Benha
7:49:16 Ù… 2024/02/22,Content creator/social media specialist ,2,5000,2024/01/01,Egyption,Remotley,Full Time,Cairo 
7:49:23 Ù… 2024/02/22,Aws engineer ,1,10000,2023/12/01,Egyption,On Site,Full Time,Cairo
7:51:29 Ù… 2024/02/22,Medical repersentive ,1,6500,2023/03/01,Egyption,On Site,Full Time,"Mansoura, egypt "
7:51:34 Ù… 2024/02/22,Senior software engineer,6,25000,2024/03/05,Egyption,Hybird,Full Time,Cairo
7:53:30 Ù… 2024/02/22,Junior graphic designer ,1,7000,2024/01/09,Egyption,On Site,Full Time,Cairo
7:55:56 Ù… 2024/02/22,Ml Eng ,1,8000,2024/02/22,Egyption,On Site,Full Time,cairo
7:57:12 Ù… 2024/02/22,SEO Specialist ,3,12000,2024/02/22,Not Egyption but site in egypt,On Site,Full Time,Cairo
7:58:11 Ù… 2024/02/22,AI engineer,1,60k,2023/02/01,Egyption,Remotley,Full Time,
7:59:02 Ù… 2024/02/22,Data analysis ,7,4225 $,2024/02/21,Egyption,On Site,Full Time,Cairo
8:01:00 Ù… 2024/02/22,Operation engineer ,3,10000,2023/01/01,Egyption,On Site,12 hr,Cairo
8:01:57 Ù… 2024/02/22,Social media specialist ,2,8000,2024/02/22,Egyption,On Site,Full Time,Cairo
8:07:55 Ù… 2024/02/22,Call centre Germany ,0,5000,2024/02/22,Egyption,Remotley,Full Time,Cairo 
8:09:01 Ù… 2024/02/22,Junior quality assurance engineer,0,26500,2024/02/21,Not Egyption but site in egypt,Hybird,Full Time,Cairo
8:09:29 Ù… 2024/02/22,Deputy section head in sales,4,12000,2024/02/22,Egyption,On Site,Full Time,Cairo
8:09:36 Ù… 2024/02/22,Software test engineer,2,35000,2024/02/22,Not Egyption but site in egypt,Hybird,Full Time,Giza
8:10:01 Ù… 2024/02/22,Call center ,4,6000,2024/02/29,Egyption,On Site,Full Time,
8:10:50 Ù… 2024/02/22,Representative ,7,5000 i know that is not fair to my efforts ,2024/02/22,Egyption,On Site,Full Time,Cairo 
8:10:52 Ù… 2024/02/22,GIS Developer ,2-3,850 usd,2024/02/27,Not Egyption but site in egypt,On Site,Full Time,Giza
8:11:15 Ù… 2024/02/22,Sales,1,Sales,2024/01/01,Egyption,Remotley,Full Time,
8:13:19 Ù… 2024/02/22,Technical support ,7,10000,2024/02/25,Egyption,On Site,Full Time,
8:14:58 Ù… 2024/02/22,Civil engineer,5,20000,2024/02/22,Egyption,On Site,Part Time,Cairo
8:14:58 Ù… 2024/02/22,Pharmacist ,1.5,3000,2024/02/28,Egyption,On Site,Full Time,Suez
8:16:00 Ù… 2024/02/22,Frappe Developer,0,7000,2024/02/01,Egyption,On Site,Full Time,Giza
8:17:16 Ù… 2024/02/22,Administrative assistant ,4,1200 usd,2024/01/01,Not Egyption and site out of egypt,Remotley,Full Time,US
8:17:38 Ù… 2024/02/22,Administrator ,3,5000,2024/02/22,Egyption,On Site,Full Time,Cairo
8:21:21 Ù… 2024/02/22,Broadband and network technician ,3,10850,2024/02/22,Not Egyption but site in egypt,Hybird,Full Time,Uk
8:22:08 Ù… 2024/02/22,Faculty of commerce ,14,35000,2023/07/01,Egyption,On Site,Full Time,Cairo
8:24:14 Ù… 2024/02/22,Ai Engineer ,2,7000,2024/02/22,Egyption,Remotley,Full Time,cairo
8:24:45 Ù… 2024/02/22,Seals,3,2900,2020/12/28,Egyption,On Site,Part Time,Cairo 
8:25:32 Ù… 2024/02/22,Senior full stake developer ,7,20000,2024/01/01,Egyption,On Site,Full Time,Cairo
8:25:35 Ù… 2024/02/22,Outsystems low code developer,5,40000,2024/02/22,Not Egyption but site in egypt,Remotley,Full Time,Cairo
8:26:34 Ù… 2024/02/22,Software Engineer,1.5,900 USD,2024/02/22,Not Egyption and site out of egypt,Remotley,Contract,
8:26:55 Ù… 2024/02/22,Sustainability and ESG Specialist,1,8800,2023/03/01,Egyption,On Site,Full Time,
8:27:16 Ù… 2024/02/22,Broker ,1,3000,2001/10/01,Egyption,On Site,Full Time,Mansoura
8:31:17 Ù… 2024/02/22,Solution Architect ,11,250000,2024/01/01,Egyption,Remotley,Part Time,"Cairo, Startup and I am consult them remotely as a part timer. "
8:31:23 Ù… 2024/02/22,Front-End Developer,2,10k,2024/02/25,Egyption,On Site,Full Time,Cairo
8:32:14 Ù… 2024/02/22,Senior architect ,6,25000,2023/11/09,Egyption,On Site,Full Time,Cairo
8:32:50 Ù… 2024/02/22,Full-stack developer,2,5000,2024/02/01,Egyption,On Site,Full Time,Cairo
8:32:54 Ù… 2024/02/22,Interior designer ,1,3500,2024/02/29,Egyption,On site and remotly,Full Time,Kafr el sheikh
8:33:37 Ù… 2024/02/22,Machine Learning Engineer,1,$1000,2024/02/22,Egyption,Remotley,Full Time,Cairo
8:34:24 Ù… 2024/02/22,Bachelorâ€™s degree ,Zero,Zero,2024/06/30,Egyption,Hybird,Full Time,Cairo 
8:34:44 Ù… 2024/02/22,Graphic designer ,5,7500,2024/01/01,Egyption,Hybird,Full Time,Cairo
8:35:14 Ù… 2024/02/22,Dynamics 365 CRM Functional Consultant ,2.5,1400 USD,2024/02/22,Not Egyption but site in egypt,Remotley,Full Time,UAE
8:35:26 Ù… 2024/02/22,Medical rep,0-2,1500 gross,2024/02/22,Egyption,On Site,Full Time,Alex
8:35:30 Ù… 2024/02/22,Mechanical Engineer ,3,11000,2024/02/22,Not Egyption but site in egypt,On Site,Full Time,
8:35:31 Ù… 2024/02/22,.net developer,4 month,10000,2024/02/22,Egyption,On Site,Full Time,Cairo
8:35:58 Ù… 2024/02/22,UI UX DESIGNER ,3,18 k,2023/09/01,Not Egyption and site out of egypt,Remotley,Full Time,Saudi Arabia ðŸ‡¸ðŸ‡¦ 
8:37:07 Ù… 2024/02/22,Agricultural engineer,1,7000,2024/02/22,Egyption,On Site,Full Time,Cairo
8:37:46 Ù… 2024/02/22,Machine Learning ,4,3000 usd,2024/02/22,Not Egyption but site in egypt,Hybird,Full Time,Saudi
8:37:56 Ù… 2024/02/22,Odoo Developer,5,21000,2024/01/01,Egyption,On Site,Full Time,Cairo
8:39:12 Ù… 2024/02/22,Marketing executive,10,19000,2023/03/05,Egyption,Remotley,Full Time,Cairo
8:39:24 Ù… 2024/02/22,Front end developer,2,10k,2024/02/22,Egyption,Remotley,Part Time,cairo
8:40:23 Ù… 2024/02/22,.Net software developer ,1,13000,2024/01/28,Egyption,Remotley,Full Time,Cairo
8:40:48 Ù… 2024/02/22,Gd,2,18k,2024/01/26,Not Egyption and site out of egypt,Remotley,Part Time,
8:41:06 Ù… 2024/02/22,Electrical engineer ,7,18000,2024/02/22,Egyption,On Site,Full Time,Cairo
8:41:09 Ù… 2024/02/22,Frontend developer,1,4000,2023/02/01,Egyption,On Site,Full Time,Mansoura
8:41:28 Ù… 2024/02/22,Equine surgeon veterinarian ,2,6600,1996/09/01,Not Egyption but site in egypt,On Site,Full Time,Netherlands
8:42:30 Ù… 2024/02/22,Junior Web Developer (Wordpress/PHP),1,360â‚¬,2024/12/01,Not Egyption and site out of egypt,Remotley,Part Time,London
8:44:37 Ù… 2024/02/22,Sr. Nodejs developer,4,82000,2023/10/20,Not Egyption and site out of egypt,Remotley,Full Time,Jeddah
8:45:02 Ù… 2024/02/22,Network engineer ,0,10000,2024/02/22,Egyption,On Site,Full Time,
8:46:18 Ù… 2024/02/22,frontend developer,0,9000,1995/02/20,Egyption,Hybird,Full Time,cairo
8:48:18 Ù… 2024/02/22,Interior designer ,3,8000,2023/12/30,Egyption,Hybird,Full Time,Cairo
8:48:33 Ù… 2024/02/22,Network Engineer ,Less 1 years ,10000,2024/02/22,Egyption,Remotley,Full Time,Cairo
8:50:38 Ù… 2024/02/22,Senior Embedded software engineer ,3,60k,2024/02/25,Not Egyption but site in egypt,Hybird,Full Time,Cairo
8:52:12 Ù… 2024/02/22,PHP Developer,3,500$,2024/01/01,Not Egyption and site out of egypt,Remotley,Part Time,Dubai
8:52:37 Ù… 2024/02/22,System engineer ,3,20000,2024/02/22,Egyption,On Site,Full Time,Kuwait 
8:53:37 Ù… 2024/02/22,Senior Node js developer,3,47000,2024/01/25,Egyption,Hybird,Full Time,Saudi Arabia 
8:54:23 Ù… 2024/02/22,Software Developer,4,25000,2024/01/01,Egyption,Hybird,Full Time,Alexandria
8:54:35 Ù… 2024/02/22,React native,3,1800 usd,2024/02/22,Not Egyption but site in egypt,Remotley,Full Time,
8:57:57 Ù… 2024/02/22,Team lead,11,100000,1990/12/11,Not Egyption but site in egypt,Remotley,Full Time,Cairo
8:59:25 Ù… 2024/02/22,Senior frontend ,5,2500$,2023/01/01,Egyption,Remotley,Full Time,KSA 
9:00:25 Ù… 2024/02/22,Physiotherapist,0,6000,2024/02/22,Egyption,On Site,Full Time,Cairo
9:00:33 Ù… 2024/02/22,Software Engineer,0,51000,2023/01/25,Not Egyption but site in egypt,Hybird,Full Time,
9:01:49 Ù… 2024/02/22,Cad Designer,1,5000,0030/01/20,Egyption,On Site,Full Time,Cairo
9:02:11 Ù… 2024/02/22,IT compliance specialist ,3,15000,2020/01/15,Egyption,On Site,Full Time,Riyadh
9:02:59 Ù… 2024/02/22,Technical office engineer,8,5,2024/02/27,Egyption,On Site,Full Time,10th of ramadan city
9:04:08 Ù… 2024/02/22,Frontend Developer,2.5,8000,2024/02/05,Not Egyption but site in egypt,On Site,Full Time,Alexandria 
9:04:09 Ù… 2024/02/22,English Instructor,14,10000,2024/01/30,Egyption,On Site,Full Time,
9:04:42 Ù… 2024/02/22,N ,Travel advisor ,10000,2024/02/22,Egyption,On Site,Full Time,Cairo 
9:04:54 Ù… 2024/02/22,Chemist,1,5000,2024/02/22,Egyption,On Site,Full Time,Obour city
9:08:33 Ù… 2024/02/22,Android developer,5,50000,1993/01/20,Egyption,Hybird,Full Time,Cairo
9:09:01 Ù… 2024/02/22,Accounting manager ,15,45k,2024/01/24,Egyption,On Site,Full Time,Cai
9:09:15 Ù… 2024/02/22,Network Engineer ,5,30k,2023/10/01,Egyption,Hybird,Full Time,Cairo
9:09:55 Ù… 2024/02/22,DevOps Engineer,0.5,27900,2024/01/31,Egyption,Remotley,Full Time,
9:11:11 Ù… 2024/02/22,Backend Developer - Django ,1,12.5,2023/09/01,Egyption,Remotley,Full Time,cairo
9:12:19 Ù… 2024/02/22,Media buyer,2.5,8000,2024/02/05,Egyption,On Site,Full Time,Mansoura 
9:12:30 Ù… 2024/02/22,back-end developer ,0,18000,2023/01/15,Egyption,Hybird,Full Time,Cairo 
9:16:03 Ù… 2024/02/22,Procurement specialist,1,7300,2023/04/02,Egyption,On Site,Full Time,Cairo
9:28:09 Ù… 2024/02/22,Back end team leader ,7,114,2023/04/20,Not Egyption but site in egypt,Remotley,Full Time,Remote
9:28:13 Ù… 2024/02/22,Team leader,4,13000,2024/02/29,Not Egyption but site in egypt,On Site,Full Time,Cairo
9:28:43 Ù… 2024/02/22,Software Test Engineer,2,20000 EGP,2024/02/22,Egyption,Hybird,Full Time,Cairo
9:28:43 Ù… 2024/02/22,Technical Writer ,4,1500 eur,2024/02/01,Not Egyption but site in egypt,Remotley,Full Time,
9:30:54 Ù… 2024/02/22,Accounting manager,19,40000,2024/01/31,Egyption,Hybird,Full Time,Cairo
9:33:00 Ù… 2024/02/22,business development executive,4 years ,195k Eg,2024/01/01,Not Egyption and site out of egypt,On Site,Full Time,Dubai
9:33:22 Ù… 2024/02/22,Integration Engineer,3,35000,2024/01/31,Not Egyption but site in egypt,Remotley,Full Time,Cairo
9:33:41 Ù… 2024/02/22,Customer success specialist ,4,19500,2024/02/01,Not Egyption but site in egypt,Hybird,Full Time,Cairo 
9:34:52 Ù… 2024/02/22,Technical office engineer,8,8000,2024/02/01,Egyption,On Site,Full Time,Cairo
9:36:26 Ù… 2024/02/22,Android developer,4,1300 usd,2024/01/01,Not Egyption but site in egypt,Hybird,Full Time,KSA
9:40:54 Ù… 2024/02/22,Talent acquisition specialist ,2.7,8500,2024/02/22,Egyption,Remotley,Full Time,Giza
9:47:39 Ù… 2024/02/22,Software engineer,Fresh graduate,9000,2023/07/27,Not Egyption but site in egypt,On Site,Full Time,
9:49:28 Ù… 2024/02/22,ELECTRICAL ENGINEER ,3,11000,2024/02/22,Egyption,On Site,Full Time,Cairo
9:51:47 Ù… 2024/02/22,Mobile developer ,3,16000,2024/02/01,Egyption,Hybird,Full Time,Alexandria 
9:52:41 Ù… 2024/02/22,RPA Developer ,0,12000,2024/01/01,Egyption,Remotley,Full Time,Cairo
9:53:35 Ù… 2024/02/22,Marketing manager ,6,10k ,2024/02/22,Egyption,On Site,Full Time,Alex
9:56:43 Ù… 2024/02/22,Front end ,1,9000,2024/02/29,Egyption,Remotley,Full Time,Saudi 
10:00:02 Ù… 2024/02/22,Product Engineer (Machine Learning),0,27000,2023/08/23,Not Egyption but site in egypt,Hybird,Full Time,Cairo
10:00:33 Ù… 2024/02/22,Principal design development engineer ,9,24000,2024/01/01,Not Egyption but site in egypt,On Site,Full Time,Cairo
10:01:09 Ù… 2024/02/22,Radiologist,2 years,2500 le,2024/02/22,Egyption,On Site,Part Time,Tanta
10:03:26 Ù… 2024/02/22,Logistics assistant ,2,9000,2024/01/01,Egyption,On Site,Full Time,Cairo 
10:04:37 Ù… 2024/02/22,Software engineer (pyside),1,15000,2024/02/25,Egyption,Remotley,Full Time,Cairo
10:05:41 Ù… 2024/02/22,Ø§,Øº,Ø¹,2024/02/16,Egyption,On Site,Full Time,
10:05:51 Ù… 2024/02/22,Frontend engineer ,3,40000,2024/02/22,Egyption,Hybird,Full Time,Cairo
10:07:32 Ù… 2024/02/22,IT specialist ,3,13000,2024/02/22,Egyption,On Site,Full Time,Aswan
10:07:35 Ù… 2024/02/22,Control operator,3,6500,2024/02/22,Not Egyption but site in egypt,On Site,Full Time,Mansuora
10:08:54 Ù… 2024/02/22,Pharmacist,5,5000,2024/02/22,Egyption,On Site,Full Time,Cairo
10:10:49 Ù… 2024/02/22,NLP engineer ,Less than one year,6000,2024/02/01,Working in a project with Upwork top rated freelancer,Remotley,Part Time,
10:10:57 Ù… 2024/02/22,Full stack developer,< 1 month,5000,2023/02/15,Egyption,On Site,Full Time,Tanta
10:12:00 Ù… 2024/02/22,Frontend Developer (React),0,15000,2024/02/22,Not Egyption but site in egypt,Remotley,Full Time,USA
10:12:34 Ù… 2024/02/22,"Full-Stack (.Net, React)",6,60000,2023/09/01,Egyption,Hybird,Full Time,Cairo
10:13:06 Ù… 2024/02/22,Marketing manager,2,15k+,2024/02/01,Not Egyption but site in egypt,On Site,Full Time,Sudan 
10:14:41 Ù… 2024/02/22,Data Engineer,1,21000,2024/02/22,Egyption,Hybird,Full Time,Cairo
10:16:28 Ù… 2024/02/22,Frontend developer,0,8000,2024/01/01,Egyption,On Site,Full Time,Cairo
10:24:13 Ù… 2024/02/22,React native developer,1,23000,2024/02/01,Not Egyption but site in egypt,Hybird,Full Time,Cairo
10:28:11 Ù… 2024/02/22,Product Owner,8,32000,2024/02/02,Not Egyption but site in egypt,Hybird,Full Time,Cairo
10:31:10 Ù… 2024/02/22,Production engineer ,4,6700,2024/02/22,Not Egyption but site in egypt,On Site,Full Time,Sadat city
10:31:54 Ù… 2024/02/22,Production Engineer ,5,10000,2024/02/22,Egyption,On Site,Full Time,Cairo
10:32:10 Ù… 2024/02/22,Production engineer ,4,6700,2024/02/22,Not Egyption but site in egypt,On Site,Full Time,Sadat city 
10:39:57 Ù… 2024/02/22,Physiotherapy ,5,6000,2024/02/01,Egyption,On Site,Full Time,
10:41:07 Ù… 2024/02/22,Front end,3,7000,2024/01/01,Not Egyption but site in egypt,On Site,Full Time,Cairo
10:43:52 Ù… 2024/02/22,Pharmacist developing drug ØŒ Researcher,11,45 K,2021/10/01,Not Egyption but site in egypt,On Site,Full Time,Cairo
10:47:24 Ù… 2024/02/22,PHP Developer ,2,10000,2024/02/22,Egyption,On Site,Full Time,Cairo 
10:48:38 Ù… 2024/02/22,Ap accountat,2,9300,2024/02/26,Not Egyption but site in egypt,Remotley,Full Time,Cairo
10:49:25 Ù… 2024/02/22,Cost control engineer,6,13000,2024/02/22,Egyption,On Site,Full Time,cairo
10:51:56 Ù… 2024/02/22,Software testing 2,4,32000,2024/01/01,Not Egyption but site in egypt,Remotley,Full Time,Cairo
10:52:21 Ù… 2024/02/22,Pharmacist,1,2000,2024/02/22,Egyption,On Site,7 hours,Monufia
10:52:23 Ù… 2024/02/22,Writer ,4 years,8000,2024/03/01,Egyption,On Site,Full Time,Cairo
10:52:56 Ù… 2024/02/22,Frontend developer,3,25000,2023/08/24,Egyption,Hybird,Full Time,Cairo
10:53:07 Ù… 2024/02/22,Flutter Developer,1,13000,2024/02/22,Egyption,Hybird,Full Time,Cairo
10:53:30 Ù… 2024/02/22,Senior planning engineer ,12,40k,2024/03/01,Egyption,On Site,Full Time,Cairo 
10:54:20 Ù… 2024/02/22,Plastic surgeon,25,50 K,2018/06/12,Not Egyption but site in egypt,On Site,Full Time,Cairo
10:54:32 Ù… 2024/02/22,Engineer ,2,6000,2024/02/01,Egyption,On Site,Full Time,Cairo
10:54:52 Ù… 2024/02/22,Senior ICT Technical Director ,10,300000,2024/01/25,Not Egyption and site out of egypt,Remotley,Full Time,Shenzhen 
10:55:36 Ù… 2024/02/22,Wep developer ,4,5000,2020/09/01,Egyption,Hybird,Full Time,Cairo
10:59:34 Ù… 2024/02/22,Senior RPA Developer,5.25,$1795,2023/06/01,Not Egyption but site in egypt,Remotley,Full Time,"Cairo, Riyadh "
11:00:43 Ù… 2024/02/22,Database Administrator ,2,46000,2024/02/15,Egyption,Hybird,Full Time,Smart
11:01:04 Ù… 2024/02/22,Data Engineer,1,12000,2023/02/01,Egyption,Hybird,Full Time,Alexandria
11:01:30 Ù… 2024/02/22,Electrical engineer,3,13k,2024/01/01,Egyption,Hybird,Full Time,10th of Ramadan city 
11:02:05 Ù… 2024/02/22,Biotechnology ,2,10000,2024/02/22,Egyption,Remotley,Part Time,Cairo 
11:05:40 Ù… 2024/02/22,Video editor,3,12000,2024/02/22,Not Egyption but site in egypt,On Site,Full Time,Cairo
11:06:07 Ù… 2024/02/22,Senior Contracts Engineer,24,30000,2024/01/01,Egyption,On Site,Full Time,Cairo
11:07:18 Ù… 2024/02/22,Junior Data Scientist ,1,"Gross 22K, Net 17K",2023/08/01,Egyption,Hybird,Full Time,Cairo
11:07:27 Ù… 2024/02/22,Php,15,4500,2024/01/04,Egyption,On Site,Full Time,Giza
11:08:22 Ù… 2024/02/22,Android Developer,5,600$,2024/02/22,Not Egyption but site in egypt,On Site,Full Time,Cairo
11:09:45 Ù… 2024/02/22,Product Designer ,4,35000,2024/02/22,Egyption,Hybird,Full Time,Cairo
11:10:43 Ù… 2024/02/22,Sales,8,11000,2017/01/01,Not Egyption but site in egypt,On Site,Full Time,Cairo
11:11:54 Ù… 2024/02/22,Business Intelligence Analyst,2,19600,2024/02/22,Egyption,Hybird,Full Time,Cairo
11:13:40 Ù… 2024/02/22,System Admin,3,18000,2024/02/22,Egyption,Hybird,Full Time,Cairo
11:13:45 Ù… 2024/02/22,BI developer ,1,700 USD,2024/02/01,Not Egyption and site out of egypt,Remotley,Full Time,"dubai, india, ksa"
11:15:33 Ù… 2024/02/22,Medical Representative,3,8000,2024/02/22,Egyption,On Site,Full Time,Cairo
11:17:52 Ù… 2024/02/22,Online English Instructor,One year,5000,2024/02/15,Egyption,Remotley,Full Time,Cairo
11:19:57 Ù… 2024/02/22,Ai developer ,3 month (still a student ),6000,2024/02/01,Egyption,Hybird,Full Time,Giza Egypt 
11:23:37 Ù… 2024/02/22,Php,4,3000,1999/02/07,Not Egyption but site in egypt,On Site,Full Time,Cairo
11:23:46 Ù… 2024/02/22,Php,4,3000,1999/02/07,Not Egyption but site in egypt,On Site,Full Time,Cairo
11:24:14 Ù… 2024/02/22,Software Engineer (Vue/Ruby),3,3200 USD,2023/04/01,Not Egyption and site out of egypt,Remotley,Full Time,
11:29:09 Ù… 2024/02/22,Dentist,5,3000,1999/06/05,Egyption,On Site,Full Time,Cairo
11:31:09 Ù… 2024/02/22,Quality Control,4 years,15000 L.E,2024/01/10,Egyption,Remotley,Full Time,Cairo
11:32:32 Ù… 2024/02/22,Front end developer ,3,16500,2023/01/01,Egyption,On Site,Full Time,Alexandria 
11:37:51 Ù… 2024/02/22,Senior GIS ,5,15800,2024/01/01,Egyption,On Site,Full Time,Giza
11:39:25 Ù… 2024/02/22,Graphic designer ,3,9000,2024/02/22,Egyption,On Site,Full Time,Cairo
11:40:01 Ù… 2024/02/22,Healthcare quality ,6,14500,2024/02/22,Egyption,On Site,Full Time,Cairo 
11:41:20 Ù… 2024/02/22,System Administrator,<1,16000 EGP,2024/02/22,Not Egyption but site in egypt,Hybird,Full Time,Cairo
11:42:15 Ù… 2024/02/22,iOS Developer,3,39000,2023/07/01,Egyption,Hybird,Full Time,Cairo
11:43:19 Ù… 2024/02/22,Veterinarian ,4,7000,2024/02/22,Egyption,On Site,Full Time,
11:47:30 Ù… 2024/02/22,Pharmacist,4 years,5000,2024/02/23,Egyption,Hybird,Full Time,Cairo
11:50:32 Ù… 2024/02/22,Full Stack engineer,3.5,3000 EU,2024/02/22,Not Egyption and site out of egypt,Remotley,Full Time,
11:50:39 Ù… 2024/02/22,Civil Engineer ,8,25000,2024/01/02,Egyption,On Site,Full Time,Cairo
11:52:12 Ù… 2024/02/22,Community pharmacist ,1,5000,2024/01/01,Egyption,On Site,Full Time,Alexandria
11:55:03 Ù… 2024/02/22,Hr manager,2,7000,2024/01/31,Egyption,On Site,Full Time,damietta
11:57:33 Ù… 2024/02/22,Backend Node.js,2,14000,2024/02/01,Egyption,Hybird,Full Time,Cairo
11:58:24 Ù… 2024/02/22,Flutter developer,1,Ù…Ø§ ÙŠØ¹Ø§Ø¯Ù„ 1200 Ø±ÙŠØ§Ù„ = 10000 Ø¬Ù†ÙŠÙ‡,2024/02/22,Egyption,On Site,Full Time,Alexandria
11:58:44 Ù… 2024/02/22,.Net Developer,3,16000,2024/01/31,Not Egyption but site in egypt,Remotley,Full Time,Main site in Saudi-Arabia and branch in Cairo
11:59:28 Ù… 2024/02/22,h,y,h,2019/10/11,Egyption,On Site,Full Time,h
12:04:08 Øµ 2024/02/23,Sales real estate ,One year,3500,2024/02/22,Egyption,On Site,Full Time,Mansoura 
12:07:30 Øµ 2024/02/23,Flutter Developer ,1,12000,2024/02/23,Not Egyption and site out of egypt,Remotley,Full Time,Saudi Arabia 
12:09:16 Øµ 2024/02/23,Mechanical engineering ,3,9000,2022/01/01,Egyption,On Site,Full Time,10th of ramadan
12:10:41 Øµ 2024/02/23,Creative Director ,9,60 K,0001/02/24,Egyption,On Site,Full Time,Cairo
12:12:01 Øµ 2024/02/23,Ui/ux designer,1,8000,2025/12/03,Egyption,Hybird,Full Time,
12:12:12 Øµ 2024/02/23,Frontend developer,3years,70000,2001/11/08,Not Egyption and site out of egypt,Remotley,Part Time,dubai
12:13:42 Øµ 2024/02/23,Front end developer ,3,20000,2024/01/01,Egyption,Remotley,Full Time,Cairo
12:16:52 Øµ 2024/02/23,b2b,3 years,20000,2023/01/12,Not Egyption and site out of egypt,On Site,Full Time,dubai
12:17:26 Øµ 2024/02/23,Planning Engineer (Controls),7,47000,2024/01/24,Egyption,On Site,Full Time,Cairo
12:20:20 Øµ 2024/02/23,Business analyst and Bi developer,3,15000,2023/10/23,Egyption,Hybird,Full Time,Cairo
12:21:35 Øµ 2024/02/23,Big Data Engineer,2,23000,2024/01/31,Egyption,Hybird,Full Time,Maadi
12:22:42 Øµ 2024/02/23,Credit risk Team leader,2,20000,2024/01/27,Egyption,On Site,Full Time,Cairo 
12:24:27 Øµ 2024/02/23,Juinor front-end developer ,1,8000,2024/01/01,Egyption,Hybird,Full Time,
12:25:12 Øµ 2024/02/23,SALES,1,5000,2024/01/03,Egyption,On Site,Full Time,Cairo
12:30:21 Øµ 2024/02/23,Java Developer,1,20000,2024/02/01,Egyption,Hybird,Full Time,cairo
12:32:04 Øµ 2024/02/23,Ø¨ÙŠØ§Ø¹ Ù„Ø¨Ø³Ù‡ ÙˆØ³Ù†ØªÙŠØ§Ù†Ø§Øª,18,12Ø¬Ù†ÙŠÙ‡,2024/02/01,Egyption,On Site,Full Time,Ø§ÙˆÙ„ Ø¹Ø¨Ø§Ø³
12:32:55 Øµ 2024/02/23,Php developer,I ,6000,2024/01/30,Egyption,Remotley,Full Time,Cairo
12:33:33 Øµ 2024/02/23,Senior R&D Sw Manager,18,170000,2024/02/01,Not Egyption but site in egypt,Hybird,Full Time,Cairo
12:33:50 Øµ 2024/02/23,iOS Engineer ,3,50000,2024/01/01,Egyption,Hybird,Full Time,
12:35:02 Øµ 2024/02/23,Next.js Developer,1,18,2024/02/01,Egyption,Remotley,Part Time,Kuwait
12:38:23 Øµ 2024/02/23,Customer success account manager ,1,8k,2024/01/25,Egyption,Hybird,Full Time,"Uk, Egypt "
12:38:24 Øµ 2024/02/23,Production Engineer ,6,18000,2024/02/23,Egyption,On Site,Full Time,Ain sokhna
12:42:29 Øµ 2024/02/23,Physical therapist ,1,46 for hour,2024/02/01,Egyption,On Site,Hour,Obour
12:43:24 Øµ 2024/02/23,software engineer,0,1000 USD,2023/09/01,Not Egyption and site out of egypt,Remotley,Full Time,Saudi 
12:47:55 Øµ 2024/02/23,Restaurants maneger ,10,25000,2024/02/14,Egyption,On Site,Full Time,Cairo
12:48:25 Øµ 2024/02/23,Django Software Engineer,2,58000,2024/02/01,Egyption,Remotley,Along with uni (almost full-time),cairo
12:49:37 Øµ 2024/02/23,Junior .Net Full-Stack developer ,1,12000,2023/09/30,Not Egyption but site in egypt,Remotley,Full Time,cairo
12:50:23 Øµ 2024/02/23,Data Analyst,1,15000,2024/02/01,Egyption,Hybird,Full Time,Cairo
12:54:12 Øµ 2024/02/23,Front,0,I dont have a job yet,2024/02/23,Not Egyption but site in egypt,On Site,Full Time,Tanta
12:54:12 Øµ 2024/02/23,Front,0,I dont have a job yet,2024/02/23,Not Egyption but site in egypt,On Site,Full Time,Tanta
12:57:42 Øµ 2024/02/23,brand developer,4,15000,2024/02/15,Egyption,On Site,Full Time,cairo
12:58:03 Øµ 2024/02/23,accountant ,2,5000,2024/02/23,Egyption,On Site,Full Time,Cairo 
1:00:03 Øµ 2024/02/23,Project control engineer,3,9000,2024/01/01,Egyption,On Site,Full Time,Cairo
1:05:21 Øµ 2024/02/23,Backend developer,16,160k,2023/11/10,Egyption,On Site,Full Time,Cairo
1:08:47 Øµ 2024/02/23,Senior Software Engineer,5,113000,2024/02/23,"Egyptian, but clients out of Egypt",Remotely but sometimes goes to the office,Full Time,Cairo
1:10:29 Øµ 2024/02/23,Lawyer ,13,9000,2023/09/16,Egyption,On Site,Part Time, Cairo
1:10:51 Øµ 2024/02/23,Product manager,1,45000,2024/02/01,Not Egyption but site in egypt,Hybird,Full Time,Cairo
1:12:40 Øµ 2024/02/23,Junior Frontend Engineer ,less than 1 year ,8000,2024/02/23,Egyption,Remotley,Full Time,6 october city 
1:14:29 Øµ 2024/02/23,Personal banker,2,11500,2024/02/01,Not Egyption but site in egypt,On Site,Full Time,Cairo
1:18:16 Øµ 2024/02/23,Brogrammers,5,Thurasday,2024/02/23,Egyption,On Site,Part Time,cairo
1:19:43 Øµ 2024/02/23,Fullstack dotnet developer,1,20000,2024/02/23,Egyption,Hybird,Full Time,Cairo
1:20:51 Øµ 2024/02/23,Senior testing engineer ,4,1250 $,2024/01/01,Not Egyption but site in egypt,Remotley,Full Time,Cairo 
1:21:40 Øµ 2024/02/23,Doctor ,5,5500,2024/02/23,Egyption,On Site,Full Time,Aswan
1:26:18 Øµ 2024/02/23,Machine Learning Engineer,<1,12000,2024/01/30,Egyption,Remotley,Full Time,Cairo
1:26:23 Øµ 2024/02/23,SS Account Manager ,10,90K,2022/08/14,Egyption,On Site,Full Time,Cairo
1:27:23 Øµ 2024/02/23,Head of Products,11,60000,2024/02/23,Egyption,Hybird,Full Time,Cairo
1:28:07 Øµ 2024/02/23,Full stack developer ,4,30000,2024/02/01,Not Egyption but site in egypt,Hybird,Full Time,Cairo
1:28:34 Øµ 2024/02/23,"Pharmacist, gov",6,5100,2024/02/20,Egyption,On Site,Full Time,
1:36:11 Øµ 2024/02/23,Frontend Developer,2,2000 USD + bonuses (average 300 USD),2024/02/27,Not Egyption and site out of egypt,Remotley,Full Time,Dubai
1:37:22 Øµ 2024/02/23,Senior travel consultant ,6,"10,000 egp",2024/02/23,Egyption,On Site,Full Time,Cairo
1:38:27 Øµ 2024/02/23,Techno-Functional Engineer ,3,1700$,2024/02/29,Not Egyption and site out of egypt,Remotley,Full Time,Alexandria 
1:39:47 Øµ 2024/02/23,Copywriter,3,No,2024/01/01,Not Egyption but site in egypt,Remotley,Full Time,
1:43:21 Øµ 2024/02/23,.Net Developer,3.5,1200$,2023/10/01,Not Egyption and site out of egypt,Remotley,Full Time,KSA 
1:44:52 Øµ 2024/02/23,.Net Developer,3.5,1000$ in egp with bank rate,2024/02/01,Not Egyption but site in egypt,Remotley,Full Time,USA
1:45:57 Øµ 2024/02/23,DevOps Engineer,7,80,2024/02/01,Egyption,Hybird,Full Time,
1:49:03 Øµ 2024/02/23,Software Engineer,1,$900,2023/08/01,Egyption,Hybird,Full Time,Alexandria
1:49:25 Øµ 2024/02/23,SAP Developer ,4,1400 USD,2024/02/23,Not Egyption and site out of egypt,Remotley,Full Time,Riadyh
1:52:38 Øµ 2024/02/23,Accountant,2,7500,2024/02/23,Egyption,On Site,Full Time,
1:55:58 Øµ 2024/02/23,Ai developer,3,20000,2024/01/01,Egyption,On Site,Full Time,
1:56:56 Øµ 2024/02/23,Frontend developer (Vue),2,800$,2024/01/01,Not Egyption and site out of egypt,Remotley,Full Time,Ø¬Ø¯Ù‡
1:57:27 Øµ 2024/02/23,Agriculture engineer,1,5200,2001/08/07,Egyption,On Site,Full Time,Cairo
1:57:36 Øµ 2024/02/23,Data analyst,0,8000,2024/01/01,Egyption,On Site,Full Time,Cairo
1:59:14 Øµ 2024/02/23,accountant ,1,8600,2024/02/23,Egyption,On Site,Full Time,Cairo 
2:00:49 Øµ 2024/02/23,IT support,3,3000,2019/05/16,Egyption,On Site,Full Time,Minia
2:01:47 Øµ 2024/02/23,.NET Developer,4,45000,2024/02/25,Egyption,Hybird,Full Time,Cairo
2:02:11 Øµ 2024/02/23,Desk top,5,5000,2024/02/23,Egyption,On Site,Full Time,Cairo
2:03:49 Øµ 2024/02/23,Engineer irrigation ,3,8,2024/02/23,Egyption,On Site,Full Time,Cairo 
2:04:39 Øµ 2024/02/23,Planning engineer,6,23000,2024/01/01,Egyption,On Site,Full Time,Cairo
2:07:01 Øµ 2024/02/23,Android developer,2,16000,2024/02/23,Egyption,Remotley,Full Time,"Cairo, Egypt "
2:10:41 Øµ 2024/02/23,.net developer,3,39000,2024/01/28,Egyption,Hybird,Full Time,
2:18:18 Øµ 2024/02/23,Marketing ,3,25,2024/09/12,Egyption,Hybird,Part Time,Cairo
2:15:40 Øµ 2024/02/23,Data management engineer,1,6000,2023/11/05,Egyption,Hybird,Full Time,Alexandria
2:18:52 Øµ 2024/02/23,Deputy branch head,16,37000,2024/02/25,Egyption,On Site,Full Time,Cairo
2:22:56 Øµ 2024/02/23,Software engineer,3,22800 SAR,2023/11/01,Not Egyption and site out of egypt,On Site,Full Time,Riyadh Saudi 
2:25:14 Øµ 2024/02/23,IT System Administrator ,5,40000,2024/02/23,Egyption,Hybird,Full Time,Cairo
2:27:15 Øµ 2024/02/23,Reliability engineer,3,16,2024/02/01,Egyption,Hybird,Full Time,Cairo
2:33:54 Øµ 2024/02/23,Data engineer ,4,5400 $,2024/01/31,Not Egyption and site out of egypt,Remotley,Full Time,Berlin
2:35:00 Øµ 2024/02/23,Spanish speaker,2,15000,2024/01/25,Not Egyption but site in egypt,Remotley,Full Time,Cairo
2:41:29 Øµ 2024/02/23,Data scientist ,2,26000,2024/02/29,Egyption,Hybird,Full Time,Cairo
2:41:30 Øµ 2024/02/23,Php full stack,5,13000,2024/02/23,Egyption,Hybird,Full Time,Cairo
2:45:48 Øµ 2024/02/23,Sr.full stack developer php,5 years,13000,2024/02/23,Egyption,Hybird,Full Time,Cairo
2:46:25 Øµ 2024/02/23,Architect ,3,20000,2024/01/31,Not Egyption but site in egypt,On Site,Full Time,Cairo 
2:50:09 Øµ 2024/02/23,Dc ,5,9000,0024/12/02,Egyption,Hybird,Full Time,Cairo
2:58:31 Øµ 2024/02/23,Software Engineer Full Stack,2,29500 + $200 Bonus,2024/02/28,Not Egyption but site in egypt,Hybird,Full Time,Cairo
3:03:40 Øµ 2024/02/23,Otolaryngology consutant (MD  degree),Working since 1996 and consultant since 2006,12000,2024/02/22,Egyption,On Site,Full Time,Cairo
3:05:09 Øµ 2024/02/23,Java Developer ,0.5,14000,2023/12/21,Egyption,Hybird,Full Time,Cairo
3:05:46 Øµ 2024/02/23,Project manager (site engineer),6,10000,2024/02/22,Egyption,On Site,Full Time,Fifth settlement 
3:06:17 Øµ 2024/02/23,Java Deveoper,0,13,2023/10/02,Not Egyption but site in egypt,On Site,Full Time,Asyut
3:13:00 Øµ 2024/02/23,Junior odoo dev,4 months,15000 net salary,2023/12/01,Egyption,Hybird,Full Time,Cairo
3:15:57 Øµ 2024/02/23,pentester ,1 ex,2000$,2024/01/01,Not Egyption and site out of egypt,Remotley,Part Time,
3:20:59 Øµ 2024/02/23,Front end developer ,0,Idk,2024/03/01,Egyption,Remotley,Full Time,Dubai 
3:23:46 Øµ 2024/02/23,Junior Machine Learning Engineer ,1,20000,2023/09/03,Not Egyption but site in egypt,Hybird,Full Time,
3:25:45 Øµ 2024/02/23,COO,15,20000,2024/01/03,Egyption,Hybird,Full Time,
3:27:28 Øµ 2024/02/23,Systems Engineer ,0,12000,2023/09/03,Egyption,On Site,Full Time,
3:33:49 Øµ 2024/02/23,Senior Product Designer,8,44000,2024/02/22,Egyption,Hybird,Full Time,Cairo 
3:42:42 Øµ 2024/02/23,Learning and development specialist,1 year and 6 months,13000,2024/01/28,Not Egyption but site in egypt,On Site,Full Time,Cairo
3:51:00 Øµ 2024/02/23,Dentist,2,2400,2024/02/10,Egyption,On Site,Part Time,Elminia